WKT,﻿id,name,alt_name,latitude,longitude
"POINT (96.7533913 4.7298908)",11.0,ACEH,ACEH,4.7298908,96.7533913
"POINT (99.5350289 2.1621607)",12.0,SUMATERA UTARA,SUMATERA UTARA,2.1621607,99.5350289
"POINT (100.7627706 -0.7106126)",13.0,SUMATERA BARAT,SUMATERA BARAT,-0.7106126,100.7627706
"POINT (101.7068818 0.3301279)",14.0,RIAU,RIAU,0.3301279,101.7068818
"POINT (102.4418757 -1.4523137)",15.0,JAMBI,JAMBI,-1.4523137,102.4418757
"POINT (103.9035556 -3.269313)",16.0,SUMATERA SELATAN,SUMATERA SELATAN,-3.269313,103.9035556
"POINT (102.3382264 -3.5488406)",17.0,BENGKULU,BENGKULU,-3.5488406,102.3382264
"POINT (105.3925872 -4.5187216)",18.0,LAMPUNG,LAMPUNG,-4.5187216,105.3925872
"POINT (106.4331226 -2.6726975)",19.0,KEPULAUAN BANGKA BELITUNG,KEPULAUAN BANGKA BELITUNG,-2.6726975,106.4331226
"POINT (108.1562538 4.0078923)",21.0,KEPULAUAN RIAU,KEPULAUAN RIAU,4.0078923,108.1562538
